"Section","Variable","Source","Model","ScalarName","AnalysisType","Region","ScalarType","Units","Data","Weight"
"EcosystemandCarbonCycle","EcosystemRespiration","FLUXCOM","S3_Spit_N_ropt","Benchmark Period Mean (intersection)","MeanState","global","scalar","Pg yr-1","95.6684","16.0"
"EcosystemandCarbonCycle","EcosystemRespiration","FLUXCOM","S3_Spit_N_ropt","Benchmark Period Mean (complement)","MeanState","global","scalar","Pg yr-1","nan","16.0"
"EcosystemandCarbonCycle","EcosystemRespiration","FLUXCOM","S3_Spit_N_ropt","Period Mean (original grids)","MeanState","global","scalar","Pg yr-1","122.385","16.0"
"EcosystemandCarbonCycle","EcosystemRespiration","FLUXCOM","S3_Spit_N_ropt","Model Period Mean (intersection)","MeanState","global","scalar","Pg yr-1","122.088","16.0"
"EcosystemandCarbonCycle","EcosystemRespiration","FLUXCOM","S3_Spit_N_ropt","Model Period Mean (complement)","MeanState","global","scalar","Pg yr-1","0.296634","16.0"
"EcosystemandCarbonCycle","EcosystemRespiration","FLUXCOM","S3_Spit_N_ropt","Spatial Distribution Score","MeanState","global","score","1","0.945629","16.0"
"EcosystemandCarbonCycle","EcosystemRespiration","FLUXCOM","S3_Spit_N_ropt","Phase Shift","MeanState","global","scalar","months","1.02846","16.0"
"EcosystemandCarbonCycle","EcosystemRespiration","FLUXCOM","S3_Spit_N_ropt","Seasonal Cycle Score","MeanState","global","score","1","0.793153","16.0"
"EcosystemandCarbonCycle","EcosystemRespiration","FLUXCOM","S3_Spit_N_ropt","Bias","MeanState","global","scalar","g m-2 d-1","0.607575","16.0"
"EcosystemandCarbonCycle","EcosystemRespiration","FLUXCOM","S3_Spit_N_ropt","Bias Score","MeanState","global","score","1","0.422336","16.0"
"EcosystemandCarbonCycle","EcosystemRespiration","FLUXCOM","S3_Spit_N_ropt","RMSE","MeanState","global","scalar","g m-2 d-1","1.23563","16.0"
"EcosystemandCarbonCycle","EcosystemRespiration","FLUXCOM","S3_Spit_N_ropt","RMSE Score","MeanState","global","score","1","0.451011","16.0"
"EcosystemandCarbonCycle","EcosystemRespiration","FLUXCOM","S3_Spit_N_ropt","Overall Score","MeanState","global","score","1","0.612628","16.0"
"EcosystemandCarbonCycle","EcosystemRespiration","FLUXCOM","TRENDYv13_S3","Benchmark Period Mean (intersection)","MeanState","global","scalar","Pg yr-1","95.6684","16.0"
"EcosystemandCarbonCycle","EcosystemRespiration","FLUXCOM","TRENDYv13_S3","Benchmark Period Mean (complement)","MeanState","global","scalar","Pg yr-1","nan","16.0"
"EcosystemandCarbonCycle","EcosystemRespiration","FLUXCOM","TRENDYv13_S3","Period Mean (original grids)","MeanState","global","scalar","Pg yr-1","136.2","16.0"
"EcosystemandCarbonCycle","EcosystemRespiration","FLUXCOM","TRENDYv13_S3","Model Period Mean (intersection)","MeanState","global","scalar","Pg yr-1","135.892","16.0"
"EcosystemandCarbonCycle","EcosystemRespiration","FLUXCOM","TRENDYv13_S3","Model Period Mean (complement)","MeanState","global","scalar","Pg yr-1","0.307909","16.0"
"EcosystemandCarbonCycle","EcosystemRespiration","FLUXCOM","TRENDYv13_S3","Spatial Distribution Score","MeanState","global","score","1","0.947444","16.0"
"EcosystemandCarbonCycle","EcosystemRespiration","FLUXCOM","TRENDYv13_S3","Phase Shift","MeanState","global","scalar","months","0.895339","16.0"
"EcosystemandCarbonCycle","EcosystemRespiration","FLUXCOM","TRENDYv13_S3","Seasonal Cycle Score","MeanState","global","score","1","0.845896","16.0"
"EcosystemandCarbonCycle","EcosystemRespiration","FLUXCOM","TRENDYv13_S3","Bias","MeanState","global","scalar","g m-2 d-1","0.925015","16.0"
"EcosystemandCarbonCycle","EcosystemRespiration","FLUXCOM","TRENDYv13_S3","Bias Score","MeanState","global","score","1","0.360527","16.0"
"EcosystemandCarbonCycle","EcosystemRespiration","FLUXCOM","TRENDYv13_S3","RMSE","MeanState","global","scalar","g m-2 d-1","1.5866","16.0"
"EcosystemandCarbonCycle","EcosystemRespiration","FLUXCOM","TRENDYv13_S3","RMSE Score","MeanState","global","score","1","0.42218","16.0"
"EcosystemandCarbonCycle","EcosystemRespiration","FLUXCOM","TRENDYv13_S3","Overall Score","MeanState","global","score","1","0.599645","16.0"
"EcosystemandCarbonCycle","EcosystemRespiration","FLUXCOM","S3_Spit_N","Benchmark Period Mean (intersection)","MeanState","global","scalar","Pg yr-1","95.6684","16.0"
"EcosystemandCarbonCycle","EcosystemRespiration","FLUXCOM","S3_Spit_N","Benchmark Period Mean (complement)","MeanState","global","scalar","Pg yr-1","nan","16.0"
"EcosystemandCarbonCycle","EcosystemRespiration","FLUXCOM","S3_Spit_N","Period Mean (original grids)","MeanState","global","scalar","Pg yr-1","119.701","16.0"
"EcosystemandCarbonCycle","EcosystemRespiration","FLUXCOM","S3_Spit_N","Model Period Mean (intersection)","MeanState","global","scalar","Pg yr-1","119.441","16.0"
"EcosystemandCarbonCycle","EcosystemRespiration","FLUXCOM","S3_Spit_N","Model Period Mean (complement)","MeanState","global","scalar","Pg yr-1","0.25999","16.0"
"EcosystemandCarbonCycle","EcosystemRespiration","FLUXCOM","S3_Spit_N","Spatial Distribution Score","MeanState","global","score","1","0.946233","16.0"
"EcosystemandCarbonCycle","EcosystemRespiration","FLUXCOM","S3_Spit_N","Phase Shift","MeanState","global","scalar","months","1.01255","16.0"
"EcosystemandCarbonCycle","EcosystemRespiration","FLUXCOM","S3_Spit_N","Seasonal Cycle Score","MeanState","global","score","1","0.798866","16.0"
"EcosystemandCarbonCycle","EcosystemRespiration","FLUXCOM","S3_Spit_N","Bias","MeanState","global","scalar","g m-2 d-1","0.546698","16.0"
"EcosystemandCarbonCycle","EcosystemRespiration","FLUXCOM","S3_Spit_N","Bias Score","MeanState","global","score","1","0.429794","16.0"
"EcosystemandCarbonCycle","EcosystemRespiration","FLUXCOM","S3_Spit_N","RMSE","MeanState","global","scalar","g m-2 d-1","1.24005","16.0"
"EcosystemandCarbonCycle","EcosystemRespiration","FLUXCOM","S3_Spit_N","RMSE Score","MeanState","global","score","1","0.454711","16.0"
"EcosystemandCarbonCycle","EcosystemRespiration","FLUXCOM","S3_Spit_N","Overall Score","MeanState","global","score","1","0.616863","16.0"
"EcosystemandCarbonCycle","EcosystemRespiration","FLUXCOM","S3_Spit_noN","Benchmark Period Mean (intersection)","MeanState","global","scalar","Pg yr-1","95.6684","16.0"
"EcosystemandCarbonCycle","EcosystemRespiration","FLUXCOM","S3_Spit_noN","Benchmark Period Mean (complement)","MeanState","global","scalar","Pg yr-1","nan","16.0"
"EcosystemandCarbonCycle","EcosystemRespiration","FLUXCOM","S3_Spit_noN","Period Mean (original grids)","MeanState","global","scalar","Pg yr-1","141.35","16.0"
"EcosystemandCarbonCycle","EcosystemRespiration","FLUXCOM","S3_Spit_noN","Model Period Mean (intersection)","MeanState","global","scalar","Pg yr-1","140.998","16.0"
"EcosystemandCarbonCycle","EcosystemRespiration","FLUXCOM","S3_Spit_noN","Model Period Mean (complement)","MeanState","global","scalar","Pg yr-1","0.351834","16.0"
"EcosystemandCarbonCycle","EcosystemRespiration","FLUXCOM","S3_Spit_noN","Spatial Distribution Score","MeanState","global","score","1","0.919055","16.0"
"EcosystemandCarbonCycle","EcosystemRespiration","FLUXCOM","S3_Spit_noN","Phase Shift","MeanState","global","scalar","months","0.873005","16.0"
"EcosystemandCarbonCycle","EcosystemRespiration","FLUXCOM","S3_Spit_noN","Seasonal Cycle Score","MeanState","global","score","1","0.853443","16.0"
"EcosystemandCarbonCycle","EcosystemRespiration","FLUXCOM","S3_Spit_noN","Bias","MeanState","global","scalar","g m-2 d-1","1.04243","16.0"
"EcosystemandCarbonCycle","EcosystemRespiration","FLUXCOM","S3_Spit_noN","Bias Score","MeanState","global","score","1","0.317379","16.0"
"EcosystemandCarbonCycle","EcosystemRespiration","FLUXCOM","S3_Spit_noN","RMSE","MeanState","global","scalar","g m-2 d-1","1.69977","16.0"
"EcosystemandCarbonCycle","EcosystemRespiration","FLUXCOM","S3_Spit_noN","RMSE Score","MeanState","global","score","1","0.346702","16.0"
"EcosystemandCarbonCycle","EcosystemRespiration","FLUXCOM","S3_Spit_noN","Overall Score","MeanState","global","score","1","0.556656","16.0"
"EcosystemandCarbonCycle","EcosystemRespiration","FLUXNET2015","S3_Spit_N_ropt","Period Mean (original grids)","MeanState","global","scalar","g m-2 d-1","2.7023","24.0"
"EcosystemandCarbonCycle","EcosystemRespiration","FLUXNET2015","S3_Spit_N_ropt","Bias","MeanState","global","scalar","g m-2 d-1","0.00829451","24.0"
"EcosystemandCarbonCycle","EcosystemRespiration","FLUXNET2015","S3_Spit_N_ropt","Bias Score","MeanState","global","score","1","0.578971","24.0"
"EcosystemandCarbonCycle","EcosystemRespiration","FLUXNET2015","S3_Spit_N_ropt","Phase Shift","MeanState","global","scalar","months","0.971947","24.0"
"EcosystemandCarbonCycle","EcosystemRespiration","FLUXNET2015","S3_Spit_N_ropt","Seasonal Cycle Score","MeanState","global","score","1","0.858274","24.0"
"EcosystemandCarbonCycle","EcosystemRespiration","FLUXNET2015","S3_Spit_N_ropt","RMSE","MeanState","global","scalar","g m-2 d-1","1.71302","24.0"
"EcosystemandCarbonCycle","EcosystemRespiration","FLUXNET2015","S3_Spit_N_ropt","RMSE Score","MeanState","global","score","1","0.455724","24.0"
"EcosystemandCarbonCycle","EcosystemRespiration","FLUXNET2015","S3_Spit_N_ropt","Overall Score","MeanState","global","score","1","0.587173","24.0"
"EcosystemandCarbonCycle","EcosystemRespiration","FLUXNET2015","S3_Spit_N","Period Mean (original grids)","MeanState","global","scalar","g m-2 d-1","2.64072","24.0"
"EcosystemandCarbonCycle","EcosystemRespiration","FLUXNET2015","S3_Spit_N","Bias","MeanState","global","scalar","g m-2 d-1","-0.0532856","24.0"
"EcosystemandCarbonCycle","EcosystemRespiration","FLUXNET2015","S3_Spit_N","Bias Score","MeanState","global","score","1","0.57102","24.0"
"EcosystemandCarbonCycle","EcosystemRespiration","FLUXNET2015","S3_Spit_N","Phase Shift","MeanState","global","scalar","months","1.00239","24.0"
"EcosystemandCarbonCycle","EcosystemRespiration","FLUXNET2015","S3_Spit_N","Seasonal Cycle Score","MeanState","global","score","1","0.857322","24.0"
"EcosystemandCarbonCycle","EcosystemRespiration","FLUXNET2015","S3_Spit_N","RMSE","MeanState","global","scalar","g m-2 d-1","1.75686","24.0"
"EcosystemandCarbonCycle","EcosystemRespiration","FLUXNET2015","S3_Spit_N","RMSE Score","MeanState","global","score","1","0.448392","24.0"
"EcosystemandCarbonCycle","EcosystemRespiration","FLUXNET2015","S3_Spit_N","Overall Score","MeanState","global","score","1","0.581281","24.0"
"EcosystemandCarbonCycle","EcosystemRespiration","FLUXNET2015","TRENDYv13_S3","Period Mean (original grids)","MeanState","global","scalar","g m-2 d-1","3.50816","24.0"
"EcosystemandCarbonCycle","EcosystemRespiration","FLUXNET2015","TRENDYv13_S3","Bias","MeanState","global","scalar","g m-2 d-1","0.814156","24.0"
"EcosystemandCarbonCycle","EcosystemRespiration","FLUXNET2015","TRENDYv13_S3","Bias Score","MeanState","global","score","1","0.498927","24.0"
"EcosystemandCarbonCycle","EcosystemRespiration","FLUXNET2015","TRENDYv13_S3","Phase Shift","MeanState","global","scalar","months","0.963861","24.0"
"EcosystemandCarbonCycle","EcosystemRespiration","FLUXNET2015","TRENDYv13_S3","Seasonal Cycle Score","MeanState","global","score","1","0.876239","24.0"
"EcosystemandCarbonCycle","EcosystemRespiration","FLUXNET2015","TRENDYv13_S3","RMSE","MeanState","global","scalar","g m-2 d-1","2.17497","24.0"
"EcosystemandCarbonCycle","EcosystemRespiration","FLUXNET2015","TRENDYv13_S3","RMSE Score","MeanState","global","score","1","0.419148","24.0"
"EcosystemandCarbonCycle","EcosystemRespiration","FLUXNET2015","TRENDYv13_S3","Overall Score","MeanState","global","score","1","0.553365","24.0"
"EcosystemandCarbonCycle","EcosystemRespiration","FLUXNET2015","S3_Spit_noN","Period Mean (original grids)","MeanState","global","scalar","g m-2 d-1","3.417","24.0"
"EcosystemandCarbonCycle","EcosystemRespiration","FLUXNET2015","S3_Spit_noN","Bias","MeanState","global","scalar","g m-2 d-1","0.722992","24.0"
"EcosystemandCarbonCycle","EcosystemRespiration","FLUXNET2015","S3_Spit_noN","Bias Score","MeanState","global","score","1","0.520489","24.0"
"EcosystemandCarbonCycle","EcosystemRespiration","FLUXNET2015","S3_Spit_noN","Phase Shift","MeanState","global","scalar","months","0.952723","24.0"
"EcosystemandCarbonCycle","EcosystemRespiration","FLUXNET2015","S3_Spit_noN","Seasonal Cycle Score","MeanState","global","score","1","0.875889","24.0"
"EcosystemandCarbonCycle","EcosystemRespiration","FLUXNET2015","S3_Spit_noN","RMSE","MeanState","global","scalar","g m-2 d-1","2.11018","24.0"
"EcosystemandCarbonCycle","EcosystemRespiration","FLUXNET2015","S3_Spit_noN","RMSE Score","MeanState","global","score","1","0.412519","24.0"
"EcosystemandCarbonCycle","EcosystemRespiration","FLUXNET2015","S3_Spit_noN","Overall Score","MeanState","global","score","1","0.555354","24.0"
"EcosystemandCarbonCycle","Biomass","Thurner","S3_Spit_N_ropt","Benchmark Period Mean (intersection)","MeanState","global","scalar","Pg","164.017","100.0"
"EcosystemandCarbonCycle","Biomass","Thurner","S3_Spit_N_ropt","Benchmark Period Mean (complement)","MeanState","global","scalar","Pg","10.308","100.0"
"EcosystemandCarbonCycle","Biomass","Thurner","S3_Spit_N_ropt","Period Mean (original grids)","MeanState","global","scalar","Pg","490.957","100.0"
"EcosystemandCarbonCycle","Biomass","Thurner","S3_Spit_N_ropt","Model Period Mean (intersection)","MeanState","global","scalar","Pg","186.108","100.0"
"EcosystemandCarbonCycle","Biomass","Thurner","S3_Spit_N_ropt","Model Period Mean (complement)","MeanState","global","scalar","Pg","304.85","100.0"
"EcosystemandCarbonCycle","Biomass","Thurner","S3_Spit_N_ropt","Spatial Distribution Score","MeanState","global","score","1","0.684098","100.0"
"EcosystemandCarbonCycle","Biomass","Thurner","S3_Spit_N_ropt","Bias","MeanState","global","scalar","kg m-2","0.489124","100.0"
"EcosystemandCarbonCycle","Biomass","Thurner","S3_Spit_N_ropt","Bias Score","MeanState","global","score","1","0.556017","100.0"
"EcosystemandCarbonCycle","Biomass","Thurner","S3_Spit_N_ropt","Overall Score","MeanState","global","score","1","0.620058","100.0"
"EcosystemandCarbonCycle","Biomass","Thurner","S3_Spit_noN","Benchmark Period Mean (intersection)","MeanState","global","scalar","Pg","164.017","100.0"
"EcosystemandCarbonCycle","Biomass","Thurner","S3_Spit_noN","Benchmark Period Mean (complement)","MeanState","global","scalar","Pg","10.308","100.0"
"EcosystemandCarbonCycle","Biomass","Thurner","S3_Spit_noN","Period Mean (original grids)","MeanState","global","scalar","Pg","590.743","100.0"
"EcosystemandCarbonCycle","Biomass","Thurner","S3_Spit_noN","Model Period Mean (intersection)","MeanState","global","scalar","Pg","249.734","100.0"
"EcosystemandCarbonCycle","Biomass","Thurner","S3_Spit_noN","Model Period Mean (complement)","MeanState","global","scalar","Pg","341.009","100.0"
"EcosystemandCarbonCycle","Biomass","Thurner","S3_Spit_noN","Spatial Distribution Score","MeanState","global","score","1","0.607853","100.0"
"EcosystemandCarbonCycle","Biomass","Thurner","S3_Spit_noN","Bias","MeanState","global","scalar","kg m-2","1.89787","100.0"
"EcosystemandCarbonCycle","Biomass","Thurner","S3_Spit_noN","Bias Score","MeanState","global","score","1","0.511877","100.0"
"EcosystemandCarbonCycle","Biomass","Thurner","S3_Spit_noN","Overall Score","MeanState","global","score","1","0.559865","100.0"
"EcosystemandCarbonCycle","Biomass","Thurner","TRENDYv13_S3","Benchmark Period Mean (intersection)","MeanState","global","scalar","Pg","164.017","100.0"
"EcosystemandCarbonCycle","Biomass","Thurner","TRENDYv13_S3","Benchmark Period Mean (complement)","MeanState","global","scalar","Pg","10.308","100.0"
"EcosystemandCarbonCycle","Biomass","Thurner","TRENDYv13_S3","Period Mean (original grids)","MeanState","global","scalar","Pg","613.476","100.0"
"EcosystemandCarbonCycle","Biomass","Thurner","TRENDYv13_S3","Model Period Mean (intersection)","MeanState","global","scalar","Pg","271.271","100.0"
"EcosystemandCarbonCycle","Biomass","Thurner","TRENDYv13_S3","Model Period Mean (complement)","MeanState","global","scalar","Pg","342.206","100.0"
"EcosystemandCarbonCycle","Biomass","Thurner","TRENDYv13_S3","Spatial Distribution Score","MeanState","global","score","1","0.660019","100.0"
"EcosystemandCarbonCycle","Biomass","Thurner","TRENDYv13_S3","Bias","MeanState","global","scalar","kg m-2","2.37472","100.0"
"EcosystemandCarbonCycle","Biomass","Thurner","TRENDYv13_S3","Bias Score","MeanState","global","score","1","0.514449","100.0"
"EcosystemandCarbonCycle","Biomass","Thurner","TRENDYv13_S3","Overall Score","MeanState","global","score","1","0.587234","100.0"
"EcosystemandCarbonCycle","Biomass","Thurner","S3_Spit_N","Benchmark Period Mean (intersection)","MeanState","global","scalar","Pg","164.017","100.0"
"EcosystemandCarbonCycle","Biomass","Thurner","S3_Spit_N","Benchmark Period Mean (complement)","MeanState","global","scalar","Pg","10.308","100.0"
"EcosystemandCarbonCycle","Biomass","Thurner","S3_Spit_N","Period Mean (original grids)","MeanState","global","scalar","Pg","444.865","100.0"
"EcosystemandCarbonCycle","Biomass","Thurner","S3_Spit_N","Model Period Mean (intersection)","MeanState","global","scalar","Pg","178.023","100.0"
"EcosystemandCarbonCycle","Biomass","Thurner","S3_Spit_N","Model Period Mean (complement)","MeanState","global","scalar","Pg","266.842","100.0"
"EcosystemandCarbonCycle","Biomass","Thurner","S3_Spit_N","Spatial Distribution Score","MeanState","global","score","1","0.673248","100.0"
"EcosystemandCarbonCycle","Biomass","Thurner","S3_Spit_N","Bias","MeanState","global","scalar","kg m-2","0.310108","100.0"
"EcosystemandCarbonCycle","Biomass","Thurner","S3_Spit_N","Bias Score","MeanState","global","score","1","0.551063","100.0"
"EcosystemandCarbonCycle","Biomass","Thurner","S3_Spit_N","Overall Score","MeanState","global","score","1","0.612156","100.0"
"EcosystemandCarbonCycle","Biomass","Saatchi","S3_Spit_N","Benchmark Period Mean (intersection)","MeanState","global","scalar","Pg","344.349","100.0"
"EcosystemandCarbonCycle","Biomass","Saatchi","S3_Spit_N","Benchmark Period Mean (complement)","MeanState","global","scalar","Pg","4.57545","100.0"
"EcosystemandCarbonCycle","Biomass","Saatchi","S3_Spit_N","Period Mean (original grids)","MeanState","global","scalar","Pg","442.779","100.0"
"EcosystemandCarbonCycle","Biomass","Saatchi","S3_Spit_N","Model Period Mean (intersection)","MeanState","global","scalar","Pg","264.291","100.0"
"EcosystemandCarbonCycle","Biomass","Saatchi","S3_Spit_N","Model Period Mean (complement)","MeanState","global","scalar","Pg","178.488","100.0"
"EcosystemandCarbonCycle","Biomass","Saatchi","S3_Spit_N","Spatial Distribution Score","MeanState","global","score","1","0.913496","100.0"
"EcosystemandCarbonCycle","Biomass","Saatchi","S3_Spit_N","Bias","MeanState","global","scalar","kg m-2","-1.20351","100.0"
"EcosystemandCarbonCycle","Biomass","Saatchi","S3_Spit_N","Bias Score","MeanState","global","score","1","0.624808","100.0"
"EcosystemandCarbonCycle","Biomass","Saatchi","S3_Spit_N","Overall Score","MeanState","global","score","1","0.769152","100.0"
"EcosystemandCarbonCycle","Biomass","Saatchi","TRENDYv13_S3","Benchmark Period Mean (intersection)","MeanState","global","scalar","Pg","344.349","100.0"
"EcosystemandCarbonCycle","Biomass","Saatchi","TRENDYv13_S3","Benchmark Period Mean (complement)","MeanState","global","scalar","Pg","4.57545","100.0"
"EcosystemandCarbonCycle","Biomass","Saatchi","TRENDYv13_S3","Period Mean (original grids)","MeanState","global","scalar","Pg","609.865","100.0"
"EcosystemandCarbonCycle","Biomass","Saatchi","TRENDYv13_S3","Model Period Mean (intersection)","MeanState","global","scalar","Pg","338.722","100.0"
"EcosystemandCarbonCycle","Biomass","Saatchi","TRENDYv13_S3","Model Period Mean (complement)","MeanState","global","scalar","Pg","271.143","100.0"
"EcosystemandCarbonCycle","Biomass","Saatchi","TRENDYv13_S3","Spatial Distribution Score","MeanState","global","score","1","0.905967","100.0"
"EcosystemandCarbonCycle","Biomass","Saatchi","TRENDYv13_S3","Bias","MeanState","global","scalar","kg m-2","-0.0845882","100.0"
"EcosystemandCarbonCycle","Biomass","Saatchi","TRENDYv13_S3","Bias Score","MeanState","global","score","1","0.640395","100.0"
"EcosystemandCarbonCycle","Biomass","Saatchi","TRENDYv13_S3","Overall Score","MeanState","global","score","1","0.773181","100.0"
"EcosystemandCarbonCycle","Biomass","Saatchi","S3_Spit_noN","Benchmark Period Mean (intersection)","MeanState","global","scalar","Pg","344.349","100.0"
"EcosystemandCarbonCycle","Biomass","Saatchi","S3_Spit_noN","Benchmark Period Mean (complement)","MeanState","global","scalar","Pg","4.57545","100.0"
"EcosystemandCarbonCycle","Biomass","Saatchi","S3_Spit_noN","Period Mean (original grids)","MeanState","global","scalar","Pg","587.624","100.0"
"EcosystemandCarbonCycle","Biomass","Saatchi","S3_Spit_noN","Model Period Mean (intersection)","MeanState","global","scalar","Pg","337.78","100.0"
"EcosystemandCarbonCycle","Biomass","Saatchi","S3_Spit_noN","Model Period Mean (complement)","MeanState","global","scalar","Pg","249.844","100.0"
"EcosystemandCarbonCycle","Biomass","Saatchi","S3_Spit_noN","Spatial Distribution Score","MeanState","global","score","1","0.892379","100.0"
"EcosystemandCarbonCycle","Biomass","Saatchi","S3_Spit_noN","Bias","MeanState","global","scalar","kg m-2","-0.0987459","100.0"
"EcosystemandCarbonCycle","Biomass","Saatchi","S3_Spit_noN","Bias Score","MeanState","global","score","1","0.62904","100.0"
"EcosystemandCarbonCycle","Biomass","Saatchi","S3_Spit_noN","Overall Score","MeanState","global","score","1","0.760709","100.0"
"EcosystemandCarbonCycle","Biomass","Saatchi","S3_Spit_N_ropt","Benchmark Period Mean (intersection)","MeanState","global","scalar","Pg","344.349","100.0"
"EcosystemandCarbonCycle","Biomass","Saatchi","S3_Spit_N_ropt","Benchmark Period Mean (complement)","MeanState","global","scalar","Pg","4.57545","100.0"
"EcosystemandCarbonCycle","Biomass","Saatchi","S3_Spit_N_ropt","Period Mean (original grids)","MeanState","global","scalar","Pg","488.768","100.0"
"EcosystemandCarbonCycle","Biomass","Saatchi","S3_Spit_N_ropt","Model Period Mean (intersection)","MeanState","global","scalar","Pg","303.748","100.0"
"EcosystemandCarbonCycle","Biomass","Saatchi","S3_Spit_N_ropt","Model Period Mean (complement)","MeanState","global","scalar","Pg","185.02","100.0"
"EcosystemandCarbonCycle","Biomass","Saatchi","S3_Spit_N_ropt","Spatial Distribution Score","MeanState","global","score","1","0.884076","100.0"
"EcosystemandCarbonCycle","Biomass","Saatchi","S3_Spit_N_ropt","Bias","MeanState","global","scalar","kg m-2","-0.610351","100.0"
"EcosystemandCarbonCycle","Biomass","Saatchi","S3_Spit_N_ropt","Bias Score","MeanState","global","score","1","0.621699","100.0"
"EcosystemandCarbonCycle","Biomass","Saatchi","S3_Spit_N_ropt","Overall Score","MeanState","global","score","1","0.752887","100.0"
"EcosystemandCarbonCycle","SoilCarbon","HWSD","S3_Spit_N_ropt","Benchmark Period Mean (intersection)","MeanState","global","scalar","Pg","1233.83","75.0"
"EcosystemandCarbonCycle","SoilCarbon","HWSD","S3_Spit_N_ropt","Benchmark Period Mean (complement)","MeanState","global","scalar","Pg","100.195","75.0"
"EcosystemandCarbonCycle","SoilCarbon","HWSD","S3_Spit_N_ropt","Period Mean (original grids)","MeanState","global","scalar","Pg","1733.95","75.0"
"EcosystemandCarbonCycle","SoilCarbon","HWSD","S3_Spit_N_ropt","Model Period Mean (intersection)","MeanState","global","scalar","Pg","1732.23","75.0"
"EcosystemandCarbonCycle","SoilCarbon","HWSD","S3_Spit_N_ropt","Model Period Mean (complement)","MeanState","global","scalar","Pg","1.72251","75.0"
"EcosystemandCarbonCycle","SoilCarbon","HWSD","S3_Spit_N_ropt","Spatial Distribution Score","MeanState","global","score","1","0.536606","75.0"
"EcosystemandCarbonCycle","SoilCarbon","HWSD","S3_Spit_N_ropt","Bias","MeanState","global","scalar","kg m-2","3.75283","75.0"
"EcosystemandCarbonCycle","SoilCarbon","HWSD","S3_Spit_N_ropt","Bias Score","MeanState","global","score","1","0.558388","75.0"
"EcosystemandCarbonCycle","SoilCarbon","HWSD","S3_Spit_N_ropt","Overall Score","MeanState","global","score","1","0.547497","75.0"
"EcosystemandCarbonCycle","SoilCarbon","HWSD","S3_Spit_N","Benchmark Period Mean (intersection)","MeanState","global","scalar","Pg","1233.83","75.0"
"EcosystemandCarbonCycle","SoilCarbon","HWSD","S3_Spit_N","Benchmark Period Mean (complement)","MeanState","global","scalar","Pg","100.195","75.0"
"EcosystemandCarbonCycle","SoilCarbon","HWSD","S3_Spit_N","Period Mean (original grids)","MeanState","global","scalar","Pg","1619.07","75.0"
"EcosystemandCarbonCycle","SoilCarbon","HWSD","S3_Spit_N","Model Period Mean (intersection)","MeanState","global","scalar","Pg","1617.4","75.0"
"EcosystemandCarbonCycle","SoilCarbon","HWSD","S3_Spit_N","Model Period Mean (complement)","MeanState","global","scalar","Pg","1.67938","75.0"
"EcosystemandCarbonCycle","SoilCarbon","HWSD","S3_Spit_N","Spatial Distribution Score","MeanState","global","score","1","0.547193","75.0"
"EcosystemandCarbonCycle","SoilCarbon","HWSD","S3_Spit_N","Bias","MeanState","global","scalar","kg m-2","2.88816","75.0"
"EcosystemandCarbonCycle","SoilCarbon","HWSD","S3_Spit_N","Bias Score","MeanState","global","score","1","0.562811","75.0"
"EcosystemandCarbonCycle","SoilCarbon","HWSD","S3_Spit_N","Overall Score","MeanState","global","score","1","0.555002","75.0"
"EcosystemandCarbonCycle","SoilCarbon","HWSD","TRENDYv13_S3","Benchmark Period Mean (intersection)","MeanState","global","scalar","Pg","1233.83","75.0"
"EcosystemandCarbonCycle","SoilCarbon","HWSD","TRENDYv13_S3","Benchmark Period Mean (complement)","MeanState","global","scalar","Pg","100.195","75.0"
"EcosystemandCarbonCycle","SoilCarbon","HWSD","TRENDYv13_S3","Period Mean (original grids)","MeanState","global","scalar","Pg","1312.07","75.0"
"EcosystemandCarbonCycle","SoilCarbon","HWSD","TRENDYv13_S3","Model Period Mean (intersection)","MeanState","global","scalar","Pg","1311.82","75.0"
"EcosystemandCarbonCycle","SoilCarbon","HWSD","TRENDYv13_S3","Model Period Mean (complement)","MeanState","global","scalar","Pg","0.253485","75.0"
"EcosystemandCarbonCycle","SoilCarbon","HWSD","TRENDYv13_S3","Spatial Distribution Score","MeanState","global","score","1","0.686355","75.0"
"EcosystemandCarbonCycle","SoilCarbon","HWSD","TRENDYv13_S3","Bias","MeanState","global","scalar","kg m-2","0.587226","75.0"
"EcosystemandCarbonCycle","SoilCarbon","HWSD","TRENDYv13_S3","Bias Score","MeanState","global","score","1","0.590102","75.0"
"EcosystemandCarbonCycle","SoilCarbon","HWSD","TRENDYv13_S3","Overall Score","MeanState","global","score","1","0.638228","75.0"
"EcosystemandCarbonCycle","SoilCarbon","HWSD","S3_Spit_noN","Benchmark Period Mean (intersection)","MeanState","global","scalar","Pg","1233.83","75.0"
"EcosystemandCarbonCycle","SoilCarbon","HWSD","S3_Spit_noN","Benchmark Period Mean (complement)","MeanState","global","scalar","Pg","100.195","75.0"
"EcosystemandCarbonCycle","SoilCarbon","HWSD","S3_Spit_noN","Period Mean (original grids)","MeanState","global","scalar","Pg","1634.72","75.0"
"EcosystemandCarbonCycle","SoilCarbon","HWSD","S3_Spit_noN","Model Period Mean (intersection)","MeanState","global","scalar","Pg","1634.32","75.0"
"EcosystemandCarbonCycle","SoilCarbon","HWSD","S3_Spit_noN","Model Period Mean (complement)","MeanState","global","scalar","Pg","0.399828","75.0"
"EcosystemandCarbonCycle","SoilCarbon","HWSD","S3_Spit_noN","Spatial Distribution Score","MeanState","global","score","1","0.462144","75.0"
"EcosystemandCarbonCycle","SoilCarbon","HWSD","S3_Spit_noN","Bias","MeanState","global","scalar","kg m-2","3.01561","75.0"
"EcosystemandCarbonCycle","SoilCarbon","HWSD","S3_Spit_noN","Bias Score","MeanState","global","score","1","0.572841","75.0"
"EcosystemandCarbonCycle","SoilCarbon","HWSD","S3_Spit_noN","Overall Score","MeanState","global","score","1","0.517493","75.0"
"EcosystemandCarbonCycle","SoilCarbon","NCSCDV22","TRENDYv13_S3","Benchmark Period Mean (intersection)","MeanState","global","scalar","Pg","463.537","60.0"
"EcosystemandCarbonCycle","SoilCarbon","NCSCDV22","TRENDYv13_S3","Benchmark Period Mean (complement)","MeanState","global","scalar","Pg","9.30841","60.0"
"EcosystemandCarbonCycle","SoilCarbon","NCSCDV22","TRENDYv13_S3","Period Mean (original grids)","MeanState","global","scalar","Pg","1312.07","60.0"
"EcosystemandCarbonCycle","SoilCarbon","NCSCDV22","TRENDYv13_S3","Model Period Mean (intersection)","MeanState","global","scalar","Pg","511.068","60.0"
"EcosystemandCarbonCycle","SoilCarbon","NCSCDV22","TRENDYv13_S3","Model Period Mean (complement)","MeanState","global","scalar","Pg","801.006","60.0"
"EcosystemandCarbonCycle","SoilCarbon","NCSCDV22","TRENDYv13_S3","Spatial Distribution Score","MeanState","global","score","1","0.885315","60.0"
"EcosystemandCarbonCycle","SoilCarbon","NCSCDV22","TRENDYv13_S3","Bias","MeanState","global","scalar","kg m-2","2.16647","60.0"
"EcosystemandCarbonCycle","SoilCarbon","NCSCDV22","TRENDYv13_S3","Bias Score","MeanState","global","score","1","0.640895","60.0"
"EcosystemandCarbonCycle","SoilCarbon","NCSCDV22","TRENDYv13_S3","Overall Score","MeanState","global","score","1","0.763105","60.0"
"EcosystemandCarbonCycle","SoilCarbon","NCSCDV22","S3_Spit_N","Benchmark Period Mean (intersection)","MeanState","global","scalar","Pg","463.537","60.0"
"EcosystemandCarbonCycle","SoilCarbon","NCSCDV22","S3_Spit_N","Benchmark Period Mean (complement)","MeanState","global","scalar","Pg","9.30841","60.0"
"EcosystemandCarbonCycle","SoilCarbon","NCSCDV22","S3_Spit_N","Period Mean (original grids)","MeanState","global","scalar","Pg","1619.07","60.0"
"EcosystemandCarbonCycle","SoilCarbon","NCSCDV22","S3_Spit_N","Model Period Mean (intersection)","MeanState","global","scalar","Pg","655.611","60.0"
"EcosystemandCarbonCycle","SoilCarbon","NCSCDV22","S3_Spit_N","Model Period Mean (complement)","MeanState","global","scalar","Pg","963.464","60.0"
"EcosystemandCarbonCycle","SoilCarbon","NCSCDV22","S3_Spit_N","Spatial Distribution Score","MeanState","global","score","1","0.874993","60.0"
"EcosystemandCarbonCycle","SoilCarbon","NCSCDV22","S3_Spit_N","Bias","MeanState","global","scalar","kg m-2","8.75472","60.0"
"EcosystemandCarbonCycle","SoilCarbon","NCSCDV22","S3_Spit_N","Bias Score","MeanState","global","score","1","0.617032","60.0"
"EcosystemandCarbonCycle","SoilCarbon","NCSCDV22","S3_Spit_N","Overall Score","MeanState","global","score","1","0.746012","60.0"
"EcosystemandCarbonCycle","SoilCarbon","NCSCDV22","S3_Spit_N_ropt","Benchmark Period Mean (intersection)","MeanState","global","scalar","Pg","463.537","60.0"
"EcosystemandCarbonCycle","SoilCarbon","NCSCDV22","S3_Spit_N_ropt","Benchmark Period Mean (complement)","MeanState","global","scalar","Pg","9.30841","60.0"
"EcosystemandCarbonCycle","SoilCarbon","NCSCDV22","S3_Spit_N_ropt","Period Mean (original grids)","MeanState","global","scalar","Pg","1733.95","60.0"
"EcosystemandCarbonCycle","SoilCarbon","NCSCDV22","S3_Spit_N_ropt","Model Period Mean (intersection)","MeanState","global","scalar","Pg","678.048","60.0"
"EcosystemandCarbonCycle","SoilCarbon","NCSCDV22","S3_Spit_N_ropt","Model Period Mean (complement)","MeanState","global","scalar","Pg","1055.9","60.0"
"EcosystemandCarbonCycle","SoilCarbon","NCSCDV22","S3_Spit_N_ropt","Spatial Distribution Score","MeanState","global","score","1","0.871343","60.0"
"EcosystemandCarbonCycle","SoilCarbon","NCSCDV22","S3_Spit_N_ropt","Bias","MeanState","global","scalar","kg m-2","9.77742","60.0"
"EcosystemandCarbonCycle","SoilCarbon","NCSCDV22","S3_Spit_N_ropt","Bias Score","MeanState","global","score","1","0.612062","60.0"
"EcosystemandCarbonCycle","SoilCarbon","NCSCDV22","S3_Spit_N_ropt","Overall Score","MeanState","global","score","1","0.741703","60.0"
"EcosystemandCarbonCycle","SoilCarbon","NCSCDV22","S3_Spit_noN","Benchmark Period Mean (intersection)","MeanState","global","scalar","Pg","463.537","60.0"
"EcosystemandCarbonCycle","SoilCarbon","NCSCDV22","S3_Spit_noN","Benchmark Period Mean (complement)","MeanState","global","scalar","Pg","9.30841","60.0"
"EcosystemandCarbonCycle","SoilCarbon","NCSCDV22","S3_Spit_noN","Period Mean (original grids)","MeanState","global","scalar","Pg","1634.72","60.0"
"EcosystemandCarbonCycle","SoilCarbon","NCSCDV22","S3_Spit_noN","Model Period Mean (intersection)","MeanState","global","scalar","Pg","735.737","60.0"
"EcosystemandCarbonCycle","SoilCarbon","NCSCDV22","S3_Spit_noN","Model Period Mean (complement)","MeanState","global","scalar","Pg","898.984","60.0"
"EcosystemandCarbonCycle","SoilCarbon","NCSCDV22","S3_Spit_noN","Spatial Distribution Score","MeanState","global","score","1","0.853043","60.0"
"EcosystemandCarbonCycle","SoilCarbon","NCSCDV22","S3_Spit_noN","Bias","MeanState","global","scalar","kg m-2","12.4069","60.0"
"EcosystemandCarbonCycle","SoilCarbon","NCSCDV22","S3_Spit_noN","Bias Score","MeanState","global","score","1","0.590611","60.0"
"EcosystemandCarbonCycle","SoilCarbon","NCSCDV22","S3_Spit_noN","Overall Score","MeanState","global","score","1","0.721827","60.0"
"EcosystemandCarbonCycle","BurnedArea","GFED4.1S","S3_Spit_noN","Benchmark Period Mean (intersection)","MeanState","global","scalar","%","0.331542","75.0"
"EcosystemandCarbonCycle","BurnedArea","GFED4.1S","S3_Spit_noN","Benchmark Period Mean (complement)","MeanState","global","scalar","%","0.0340364","75.0"
"EcosystemandCarbonCycle","BurnedArea","GFED4.1S","S3_Spit_noN","Period Mean (original grids)","MeanState","global","scalar","%","0.315776","75.0"
"EcosystemandCarbonCycle","BurnedArea","GFED4.1S","S3_Spit_noN","Model Period Mean (intersection)","MeanState","global","scalar","%","0.349934","75.0"
"EcosystemandCarbonCycle","BurnedArea","GFED4.1S","S3_Spit_noN","Model Period Mean (complement)","MeanState","global","scalar","%","0.0548754","75.0"
"EcosystemandCarbonCycle","BurnedArea","GFED4.1S","S3_Spit_noN","Spatial Distribution Score","MeanState","global","score","1","0.681922","75.0"
"EcosystemandCarbonCycle","BurnedArea","GFED4.1S","S3_Spit_noN","Phase Shift","MeanState","global","scalar","months","3.23362","75.0"
"EcosystemandCarbonCycle","BurnedArea","GFED4.1S","S3_Spit_noN","Seasonal Cycle Score","MeanState","global","score","1","0.451383","75.0"
"EcosystemandCarbonCycle","BurnedArea","GFED4.1S","S3_Spit_noN","Bias","MeanState","global","scalar","%","0.0183922","75.0"
"EcosystemandCarbonCycle","BurnedArea","GFED4.1S","S3_Spit_noN","Bias Score","MeanState","global","score","1","0.680212","75.0"
"EcosystemandCarbonCycle","BurnedArea","GFED4.1S","S3_Spit_noN","RMSE","MeanState","global","scalar","%","0.793704","75.0"
"EcosystemandCarbonCycle","BurnedArea","GFED4.1S","S3_Spit_noN","RMSE Score","MeanState","global","score","1","0.666637","75.0"
"EcosystemandCarbonCycle","BurnedArea","GFED4.1S","S3_Spit_noN","Overall Score","MeanState","global","score","1","0.629358","75.0"
"EcosystemandCarbonCycle","BurnedArea","GFED4.1S","TRENDYv13_S3","Benchmark Period Mean (intersection)","MeanState","global","scalar","%","0.331542","75.0"
"EcosystemandCarbonCycle","BurnedArea","GFED4.1S","TRENDYv13_S3","Benchmark Period Mean (complement)","MeanState","global","scalar","%","0.0340364","75.0"
"EcosystemandCarbonCycle","BurnedArea","GFED4.1S","TRENDYv13_S3","Period Mean (original grids)","MeanState","global","scalar","%","0.973449","75.0"
"EcosystemandCarbonCycle","BurnedArea","GFED4.1S","TRENDYv13_S3","Model Period Mean (intersection)","MeanState","global","scalar","%","1.0871","75.0"
"EcosystemandCarbonCycle","BurnedArea","GFED4.1S","TRENDYv13_S3","Model Period Mean (complement)","MeanState","global","scalar","%","0.105414","75.0"
"EcosystemandCarbonCycle","BurnedArea","GFED4.1S","TRENDYv13_S3","Spatial Distribution Score","MeanState","global","score","1","0.216548","75.0"
"EcosystemandCarbonCycle","BurnedArea","GFED4.1S","TRENDYv13_S3","Phase Shift","MeanState","global","scalar","months","3.23362","75.0"
"EcosystemandCarbonCycle","BurnedArea","GFED4.1S","TRENDYv13_S3","Seasonal Cycle Score","MeanState","global","score","1","0.451383","75.0"
"EcosystemandCarbonCycle","BurnedArea","GFED4.1S","TRENDYv13_S3","Bias","MeanState","global","scalar","%","0.755554","75.0"
"EcosystemandCarbonCycle","BurnedArea","GFED4.1S","TRENDYv13_S3","Bias Score","MeanState","global","score","1","0.477363","75.0"
"EcosystemandCarbonCycle","BurnedArea","GFED4.1S","TRENDYv13_S3","RMSE","MeanState","global","scalar","%","1.37408","75.0"
"EcosystemandCarbonCycle","BurnedArea","GFED4.1S","TRENDYv13_S3","RMSE Score","MeanState","global","score","1","0.666637","75.0"
"EcosystemandCarbonCycle","BurnedArea","GFED4.1S","TRENDYv13_S3","Overall Score","MeanState","global","score","1","0.495714","75.0"
"EcosystemandCarbonCycle","BurnedArea","GFED4.1S","S3_Spit_N_ropt","Benchmark Period Mean (intersection)","MeanState","global","scalar","%","0.331542","75.0"
"EcosystemandCarbonCycle","BurnedArea","GFED4.1S","S3_Spit_N_ropt","Benchmark Period Mean (complement)","MeanState","global","scalar","%","0.0340364","75.0"
"EcosystemandCarbonCycle","BurnedArea","GFED4.1S","S3_Spit_N_ropt","Period Mean (original grids)","MeanState","global","scalar","%","0.353361","75.0"
"EcosystemandCarbonCycle","BurnedArea","GFED4.1S","S3_Spit_N_ropt","Model Period Mean (intersection)","MeanState","global","scalar","%","0.39493","75.0"
"EcosystemandCarbonCycle","BurnedArea","GFED4.1S","S3_Spit_N_ropt","Model Period Mean (complement)","MeanState","global","scalar","%","0.0358541","75.0"
"EcosystemandCarbonCycle","BurnedArea","GFED4.1S","S3_Spit_N_ropt","Spatial Distribution Score","MeanState","global","score","1","0.79581","75.0"
"EcosystemandCarbonCycle","BurnedArea","GFED4.1S","S3_Spit_N_ropt","Phase Shift","MeanState","global","scalar","months","3.23362","75.0"
"EcosystemandCarbonCycle","BurnedArea","GFED4.1S","S3_Spit_N_ropt","Seasonal Cycle Score","MeanState","global","score","1","0.451383","75.0"
"EcosystemandCarbonCycle","BurnedArea","GFED4.1S","S3_Spit_N_ropt","Bias","MeanState","global","scalar","%","0.0633882","75.0"
"EcosystemandCarbonCycle","BurnedArea","GFED4.1S","S3_Spit_N_ropt","Bias Score","MeanState","global","score","1","0.699186","75.0"
"EcosystemandCarbonCycle","BurnedArea","GFED4.1S","S3_Spit_N_ropt","RMSE","MeanState","global","scalar","%","0.733991","75.0"
"EcosystemandCarbonCycle","BurnedArea","GFED4.1S","S3_Spit_N_ropt","RMSE Score","MeanState","global","score","1","0.666637","75.0"
"EcosystemandCarbonCycle","BurnedArea","GFED4.1S","S3_Spit_N_ropt","Overall Score","MeanState","global","score","1","0.655931","75.0"
"EcosystemandCarbonCycle","BurnedArea","GFED4.1S","S3_Spit_N","Benchmark Period Mean (intersection)","MeanState","global","scalar","%","0.331542","75.0"
"EcosystemandCarbonCycle","BurnedArea","GFED4.1S","S3_Spit_N","Benchmark Period Mean (complement)","MeanState","global","scalar","%","0.0340364","75.0"
"EcosystemandCarbonCycle","BurnedArea","GFED4.1S","S3_Spit_N","Period Mean (original grids)","MeanState","global","scalar","%","0.308785","75.0"
"EcosystemandCarbonCycle","BurnedArea","GFED4.1S","S3_Spit_N","Model Period Mean (intersection)","MeanState","global","scalar","%","0.346253","75.0"
"EcosystemandCarbonCycle","BurnedArea","GFED4.1S","S3_Spit_N","Model Period Mean (complement)","MeanState","global","scalar","%","0.0226049","75.0"
"EcosystemandCarbonCycle","BurnedArea","GFED4.1S","S3_Spit_N","Spatial Distribution Score","MeanState","global","score","1","0.805186","75.0"
"EcosystemandCarbonCycle","BurnedArea","GFED4.1S","S3_Spit_N","Phase Shift","MeanState","global","scalar","months","3.23362","75.0"
"EcosystemandCarbonCycle","BurnedArea","GFED4.1S","S3_Spit_N","Seasonal Cycle Score","MeanState","global","score","1","0.451383","75.0"
"EcosystemandCarbonCycle","BurnedArea","GFED4.1S","S3_Spit_N","Bias","MeanState","global","scalar","%","0.0147108","75.0"
"EcosystemandCarbonCycle","BurnedArea","GFED4.1S","S3_Spit_N","Bias Score","MeanState","global","score","1","0.716148","75.0"
"EcosystemandCarbonCycle","BurnedArea","GFED4.1S","S3_Spit_N","RMSE","MeanState","global","scalar","%","0.703837","75.0"
"EcosystemandCarbonCycle","BurnedArea","GFED4.1S","S3_Spit_N","RMSE Score","MeanState","global","score","1","0.666637","75.0"
"EcosystemandCarbonCycle","BurnedArea","GFED4.1S","S3_Spit_N","Overall Score","MeanState","global","score","1","0.661198","75.0"
"EcosystemandCarbonCycle","GrossPrimaryProductivity","FLUXCOM","S3_Spit_noN","Benchmark Period Mean (intersection)","MeanState","global","scalar","Pg yr-1","113.71","75.0"
"EcosystemandCarbonCycle","GrossPrimaryProductivity","FLUXCOM","S3_Spit_noN","Benchmark Period Mean (complement)","MeanState","global","scalar","Pg yr-1","nan","75.0"
"EcosystemandCarbonCycle","GrossPrimaryProductivity","FLUXCOM","S3_Spit_noN","Period Mean (original grids)","MeanState","global","scalar","Pg yr-1","142.43","75.0"
"EcosystemandCarbonCycle","GrossPrimaryProductivity","FLUXCOM","S3_Spit_noN","Model Period Mean (intersection)","MeanState","global","scalar","Pg yr-1","142.061","75.0"
"EcosystemandCarbonCycle","GrossPrimaryProductivity","FLUXCOM","S3_Spit_noN","Model Period Mean (complement)","MeanState","global","scalar","Pg yr-1","0.369053","75.0"
"EcosystemandCarbonCycle","GrossPrimaryProductivity","FLUXCOM","S3_Spit_noN","Spatial Distribution Score","MeanState","global","score","1","0.954768","75.0"
"EcosystemandCarbonCycle","GrossPrimaryProductivity","FLUXCOM","S3_Spit_noN","Phase Shift","MeanState","global","scalar","months","1.18088","75.0"
"EcosystemandCarbonCycle","GrossPrimaryProductivity","FLUXCOM","S3_Spit_noN","Seasonal Cycle Score","MeanState","global","score","1","0.831542","75.0"
"EcosystemandCarbonCycle","GrossPrimaryProductivity","FLUXCOM","S3_Spit_noN","Bias","MeanState","global","scalar","g m-2 d-1","0.651972","75.0"
"EcosystemandCarbonCycle","GrossPrimaryProductivity","FLUXCOM","S3_Spit_noN","Bias Score","MeanState","global","score","1","0.539618","75.0"
"EcosystemandCarbonCycle","GrossPrimaryProductivity","FLUXCOM","S3_Spit_noN","RMSE","MeanState","global","scalar","g m-2 d-1","1.61838","75.0"
"EcosystemandCarbonCycle","GrossPrimaryProductivity","FLUXCOM","S3_Spit_noN","RMSE Score","MeanState","global","score","1","0.450309","75.0"
"EcosystemandCarbonCycle","GrossPrimaryProductivity","FLUXCOM","S3_Spit_noN","Overall Score","MeanState","global","score","1","0.645309","75.0"
"EcosystemandCarbonCycle","GrossPrimaryProductivity","FLUXCOM","S3_Spit_N_ropt","Benchmark Period Mean (intersection)","MeanState","global","scalar","Pg yr-1","113.71","75.0"
"EcosystemandCarbonCycle","GrossPrimaryProductivity","FLUXCOM","S3_Spit_N_ropt","Benchmark Period Mean (complement)","MeanState","global","scalar","Pg yr-1","nan","75.0"
"EcosystemandCarbonCycle","GrossPrimaryProductivity","FLUXCOM","S3_Spit_N_ropt","Period Mean (original grids)","MeanState","global","scalar","Pg yr-1","123.967","75.0"
"EcosystemandCarbonCycle","GrossPrimaryProductivity","FLUXCOM","S3_Spit_N_ropt","Model Period Mean (intersection)","MeanState","global","scalar","Pg yr-1","123.665","75.0"
"EcosystemandCarbonCycle","GrossPrimaryProductivity","FLUXCOM","S3_Spit_N_ropt","Model Period Mean (complement)","MeanState","global","scalar","Pg yr-1","0.301775","75.0"
"EcosystemandCarbonCycle","GrossPrimaryProductivity","FLUXCOM","S3_Spit_N_ropt","Spatial Distribution Score","MeanState","global","score","1","0.952136","75.0"
"EcosystemandCarbonCycle","GrossPrimaryProductivity","FLUXCOM","S3_Spit_N_ropt","Phase Shift","MeanState","global","scalar","months","1.09012","75.0"
"EcosystemandCarbonCycle","GrossPrimaryProductivity","FLUXCOM","S3_Spit_N_ropt","Seasonal Cycle Score","MeanState","global","score","1","0.843932","75.0"
"EcosystemandCarbonCycle","GrossPrimaryProductivity","FLUXCOM","S3_Spit_N_ropt","Bias","MeanState","global","scalar","g m-2 d-1","0.228927","75.0"
"EcosystemandCarbonCycle","GrossPrimaryProductivity","FLUXCOM","S3_Spit_N_ropt","Bias Score","MeanState","global","score","1","0.570009","75.0"
"EcosystemandCarbonCycle","GrossPrimaryProductivity","FLUXCOM","S3_Spit_N_ropt","RMSE","MeanState","global","scalar","g m-2 d-1","1.2913","75.0"
"EcosystemandCarbonCycle","GrossPrimaryProductivity","FLUXCOM","S3_Spit_N_ropt","RMSE Score","MeanState","global","score","1","0.494274","75.0"
"EcosystemandCarbonCycle","GrossPrimaryProductivity","FLUXCOM","S3_Spit_N_ropt","Overall Score","MeanState","global","score","1","0.670925","75.0"
"EcosystemandCarbonCycle","GrossPrimaryProductivity","FLUXCOM","S3_Spit_N","Benchmark Period Mean (intersection)","MeanState","global","scalar","Pg yr-1","113.71","75.0"
"EcosystemandCarbonCycle","GrossPrimaryProductivity","FLUXCOM","S3_Spit_N","Benchmark Period Mean (complement)","MeanState","global","scalar","Pg yr-1","nan","75.0"
"EcosystemandCarbonCycle","GrossPrimaryProductivity","FLUXCOM","S3_Spit_N","Period Mean (original grids)","MeanState","global","scalar","Pg yr-1","120.807","75.0"
"EcosystemandCarbonCycle","GrossPrimaryProductivity","FLUXCOM","S3_Spit_N","Model Period Mean (intersection)","MeanState","global","scalar","Pg yr-1","120.543","75.0"
"EcosystemandCarbonCycle","GrossPrimaryProductivity","FLUXCOM","S3_Spit_N","Model Period Mean (complement)","MeanState","global","scalar","Pg yr-1","0.263916","75.0"
"EcosystemandCarbonCycle","GrossPrimaryProductivity","FLUXCOM","S3_Spit_N","Spatial Distribution Score","MeanState","global","score","1","0.948415","75.0"
"EcosystemandCarbonCycle","GrossPrimaryProductivity","FLUXCOM","S3_Spit_N","Phase Shift","MeanState","global","scalar","months","1.07097","75.0"
"EcosystemandCarbonCycle","GrossPrimaryProductivity","FLUXCOM","S3_Spit_N","Seasonal Cycle Score","MeanState","global","score","1","0.84361","75.0"
"EcosystemandCarbonCycle","GrossPrimaryProductivity","FLUXCOM","S3_Spit_N","Bias","MeanState","global","scalar","g m-2 d-1","0.157128","75.0"
"EcosystemandCarbonCycle","GrossPrimaryProductivity","FLUXCOM","S3_Spit_N","Bias Score","MeanState","global","score","1","0.561429","75.0"
"EcosystemandCarbonCycle","GrossPrimaryProductivity","FLUXCOM","S3_Spit_N","RMSE","MeanState","global","scalar","g m-2 d-1","1.28599","75.0"
"EcosystemandCarbonCycle","GrossPrimaryProductivity","FLUXCOM","S3_Spit_N","RMSE Score","MeanState","global","score","1","0.501423","75.0"
"EcosystemandCarbonCycle","GrossPrimaryProductivity","FLUXCOM","S3_Spit_N","Overall Score","MeanState","global","score","1","0.67126","75.0"
"EcosystemandCarbonCycle","GrossPrimaryProductivity","FLUXCOM","TRENDYv13_S3","Benchmark Period Mean (intersection)","MeanState","global","scalar","Pg yr-1","113.71","75.0"
"EcosystemandCarbonCycle","GrossPrimaryProductivity","FLUXCOM","TRENDYv13_S3","Benchmark Period Mean (complement)","MeanState","global","scalar","Pg yr-1","nan","75.0"
"EcosystemandCarbonCycle","GrossPrimaryProductivity","FLUXCOM","TRENDYv13_S3","Period Mean (original grids)","MeanState","global","scalar","Pg yr-1","138.09","75.0"
"EcosystemandCarbonCycle","GrossPrimaryProductivity","FLUXCOM","TRENDYv13_S3","Model Period Mean (intersection)","MeanState","global","scalar","Pg yr-1","137.772","75.0"
"EcosystemandCarbonCycle","GrossPrimaryProductivity","FLUXCOM","TRENDYv13_S3","Model Period Mean (complement)","MeanState","global","scalar","Pg yr-1","0.317565","75.0"
"EcosystemandCarbonCycle","GrossPrimaryProductivity","FLUXCOM","TRENDYv13_S3","Spatial Distribution Score","MeanState","global","score","1","0.916047","75.0"
"EcosystemandCarbonCycle","GrossPrimaryProductivity","FLUXCOM","TRENDYv13_S3","Phase Shift","MeanState","global","scalar","months","1.33562","75.0"
"EcosystemandCarbonCycle","GrossPrimaryProductivity","FLUXCOM","TRENDYv13_S3","Seasonal Cycle Score","MeanState","global","score","1","0.763641","75.0"
"EcosystemandCarbonCycle","GrossPrimaryProductivity","FLUXCOM","TRENDYv13_S3","Bias","MeanState","global","scalar","g m-2 d-1","0.553354","75.0"
"EcosystemandCarbonCycle","GrossPrimaryProductivity","FLUXCOM","TRENDYv13_S3","Bias Score","MeanState","global","score","1","0.492031","75.0"
"EcosystemandCarbonCycle","GrossPrimaryProductivity","FLUXCOM","TRENDYv13_S3","RMSE","MeanState","global","scalar","g m-2 d-1","1.72612","75.0"
"EcosystemandCarbonCycle","GrossPrimaryProductivity","FLUXCOM","TRENDYv13_S3","RMSE Score","MeanState","global","score","1","0.461162","75.0"
"EcosystemandCarbonCycle","GrossPrimaryProductivity","FLUXCOM","TRENDYv13_S3","Overall Score","MeanState","global","score","1","0.618809","75.0"
"EcosystemandCarbonCycle","GrossPrimaryProductivity","FLUXNET2015","S3_Spit_noN","Period Mean (original grids)","MeanState","global","scalar","g m-2 d-1","3.46667","45.0"
"EcosystemandCarbonCycle","GrossPrimaryProductivity","FLUXNET2015","S3_Spit_noN","Bias","MeanState","global","scalar","g m-2 d-1","0.113155","45.0"
"EcosystemandCarbonCycle","GrossPrimaryProductivity","FLUXNET2015","S3_Spit_noN","Bias Score","MeanState","global","score","1","0.639832","45.0"
"EcosystemandCarbonCycle","GrossPrimaryProductivity","FLUXNET2015","S3_Spit_noN","Phase Shift","MeanState","global","scalar","months","1.32277","45.0"
"EcosystemandCarbonCycle","GrossPrimaryProductivity","FLUXNET2015","S3_Spit_noN","Seasonal Cycle Score","MeanState","global","score","1","0.838797","45.0"
"EcosystemandCarbonCycle","GrossPrimaryProductivity","FLUXNET2015","S3_Spit_noN","RMSE","MeanState","global","scalar","g m-2 d-1","2.75821","45.0"
"EcosystemandCarbonCycle","GrossPrimaryProductivity","FLUXNET2015","S3_Spit_noN","RMSE Score","MeanState","global","score","1","0.415703","45.0"
"EcosystemandCarbonCycle","GrossPrimaryProductivity","FLUXNET2015","S3_Spit_noN","Overall Score","MeanState","global","score","1","0.577509","45.0"
"EcosystemandCarbonCycle","GrossPrimaryProductivity","FLUXNET2015","TRENDYv13_S3","Period Mean (original grids)","MeanState","global","scalar","g m-2 d-1","3.56249","45.0"
"EcosystemandCarbonCycle","GrossPrimaryProductivity","FLUXNET2015","TRENDYv13_S3","Bias","MeanState","global","scalar","g m-2 d-1","0.208974","45.0"
"EcosystemandCarbonCycle","GrossPrimaryProductivity","FLUXNET2015","TRENDYv13_S3","Bias Score","MeanState","global","score","1","0.651718","45.0"
"EcosystemandCarbonCycle","GrossPrimaryProductivity","FLUXNET2015","TRENDYv13_S3","Phase Shift","MeanState","global","scalar","months","1.16601","45.0"
"EcosystemandCarbonCycle","GrossPrimaryProductivity","FLUXNET2015","TRENDYv13_S3","Seasonal Cycle Score","MeanState","global","score","1","0.877049","45.0"
"EcosystemandCarbonCycle","GrossPrimaryProductivity","FLUXNET2015","TRENDYv13_S3","RMSE","MeanState","global","scalar","g m-2 d-1","2.72041","45.0"
"EcosystemandCarbonCycle","GrossPrimaryProductivity","FLUXNET2015","TRENDYv13_S3","RMSE Score","MeanState","global","score","1","0.428339","45.0"
"EcosystemandCarbonCycle","GrossPrimaryProductivity","FLUXNET2015","TRENDYv13_S3","Overall Score","MeanState","global","score","1","0.596361","45.0"
"EcosystemandCarbonCycle","GrossPrimaryProductivity","FLUXNET2015","S3_Spit_N_ropt","Period Mean (original grids)","MeanState","global","scalar","g m-2 d-1","2.75172","45.0"
"EcosystemandCarbonCycle","GrossPrimaryProductivity","FLUXNET2015","S3_Spit_N_ropt","Bias","MeanState","global","scalar","g m-2 d-1","-0.601801","45.0"
"EcosystemandCarbonCycle","GrossPrimaryProductivity","FLUXNET2015","S3_Spit_N_ropt","Bias Score","MeanState","global","score","1","0.608406","45.0"
"EcosystemandCarbonCycle","GrossPrimaryProductivity","FLUXNET2015","S3_Spit_N_ropt","Phase Shift","MeanState","global","scalar","months","1.25272","45.0"
"EcosystemandCarbonCycle","GrossPrimaryProductivity","FLUXNET2015","S3_Spit_N_ropt","Seasonal Cycle Score","MeanState","global","score","1","0.860004","45.0"
"EcosystemandCarbonCycle","GrossPrimaryProductivity","FLUXNET2015","S3_Spit_N_ropt","RMSE","MeanState","global","scalar","g m-2 d-1","2.50953","45.0"
"EcosystemandCarbonCycle","GrossPrimaryProductivity","FLUXNET2015","S3_Spit_N_ropt","RMSE Score","MeanState","global","score","1","0.446941","45.0"
"EcosystemandCarbonCycle","GrossPrimaryProductivity","FLUXNET2015","S3_Spit_N_ropt","Overall Score","MeanState","global","score","1","0.590573","45.0"
"EcosystemandCarbonCycle","GrossPrimaryProductivity","FLUXNET2015","S3_Spit_N","Period Mean (original grids)","MeanState","global","scalar","g m-2 d-1","2.67274","45.0"
"EcosystemandCarbonCycle","GrossPrimaryProductivity","FLUXNET2015","S3_Spit_N","Bias","MeanState","global","scalar","g m-2 d-1","-0.680778","45.0"
"EcosystemandCarbonCycle","GrossPrimaryProductivity","FLUXNET2015","S3_Spit_N","Bias Score","MeanState","global","score","1","0.600783","45.0"
"EcosystemandCarbonCycle","GrossPrimaryProductivity","FLUXNET2015","S3_Spit_N","Phase Shift","MeanState","global","scalar","months","1.28226","45.0"
"EcosystemandCarbonCycle","GrossPrimaryProductivity","FLUXNET2015","S3_Spit_N","Seasonal Cycle Score","MeanState","global","score","1","0.84809","45.0"
"EcosystemandCarbonCycle","GrossPrimaryProductivity","FLUXNET2015","S3_Spit_N","RMSE","MeanState","global","scalar","g m-2 d-1","2.53177","45.0"
"EcosystemandCarbonCycle","GrossPrimaryProductivity","FLUXNET2015","S3_Spit_N","RMSE Score","MeanState","global","score","1","0.445699","45.0"
"EcosystemandCarbonCycle","GrossPrimaryProductivity","FLUXNET2015","S3_Spit_N","Overall Score","MeanState","global","score","1","0.585068","45.0"
"EcosystemandCarbonCycle","GlobalNetEcosystemCarbonBalance","GCP","S3_Spit_N","nbp(2016)","MeanState","nbp(2016)","scalar","Pg","-17.2187","100.0"
"EcosystemandCarbonCycle","GlobalNetEcosystemCarbonBalance","GCP","S3_Spit_N","diff(2016)","MeanState","diff(2016)","scalar","Pg","27.3465","100.0"
"EcosystemandCarbonCycle","GlobalNetEcosystemCarbonBalance","GCP","S3_Spit_N","Difference Score","MeanState","global","score","1","0.483498","100.0"
"EcosystemandCarbonCycle","GlobalNetEcosystemCarbonBalance","GCP","S3_Spit_N","Trajectory Score","MeanState","global","score","1","0.879253","100.0"
"EcosystemandCarbonCycle","GlobalNetEcosystemCarbonBalance","GCP","S3_Spit_N","Temporal Distribution Score","MeanState","global","score","1","0.715863","100.0"
"EcosystemandCarbonCycle","GlobalNetEcosystemCarbonBalance","GCP","S3_Spit_N","Overall Score","MeanState","global","score","1","0.692871","100.0"
"EcosystemandCarbonCycle","GlobalNetEcosystemCarbonBalance","GCP","TRENDYv13_S3","nbp(2016)","MeanState","nbp(2016)","scalar","Pg","-2.75444","100.0"
"EcosystemandCarbonCycle","GlobalNetEcosystemCarbonBalance","GCP","TRENDYv13_S3","diff(2016)","MeanState","diff(2016)","scalar","Pg","41.8108","100.0"
"EcosystemandCarbonCycle","GlobalNetEcosystemCarbonBalance","GCP","TRENDYv13_S3","Difference Score","MeanState","global","score","1","0.329202","100.0"
"EcosystemandCarbonCycle","GlobalNetEcosystemCarbonBalance","GCP","TRENDYv13_S3","Trajectory Score","MeanState","global","score","1","0.721432","100.0"
"EcosystemandCarbonCycle","GlobalNetEcosystemCarbonBalance","GCP","TRENDYv13_S3","Temporal Distribution Score","MeanState","global","score","1","0.764152","100.0"
"EcosystemandCarbonCycle","GlobalNetEcosystemCarbonBalance","GCP","TRENDYv13_S3","Overall Score","MeanState","global","score","1","0.604929","100.0"
"EcosystemandCarbonCycle","GlobalNetEcosystemCarbonBalance","GCP","S3_Spit_noN","nbp(2016)","MeanState","nbp(2016)","scalar","Pg","-21.0694","100.0"
"EcosystemandCarbonCycle","GlobalNetEcosystemCarbonBalance","GCP","S3_Spit_noN","diff(2016)","MeanState","diff(2016)","scalar","Pg","23.4958","100.0"
"EcosystemandCarbonCycle","GlobalNetEcosystemCarbonBalance","GCP","S3_Spit_noN","Difference Score","MeanState","global","score","1","0.535594","100.0"
"EcosystemandCarbonCycle","GlobalNetEcosystemCarbonBalance","GCP","S3_Spit_noN","Trajectory Score","MeanState","global","score","1","0.861689","100.0"
"EcosystemandCarbonCycle","GlobalNetEcosystemCarbonBalance","GCP","S3_Spit_noN","Temporal Distribution Score","MeanState","global","score","1","0.764784","100.0"
"EcosystemandCarbonCycle","GlobalNetEcosystemCarbonBalance","GCP","S3_Spit_noN","Overall Score","MeanState","global","score","1","0.720689","100.0"
"EcosystemandCarbonCycle","GlobalNetEcosystemCarbonBalance","GCP","S3_Spit_N_ropt","nbp(2016)","MeanState","nbp(2016)","scalar","Pg","-21.7291","100.0"
"EcosystemandCarbonCycle","GlobalNetEcosystemCarbonBalance","GCP","S3_Spit_N_ropt","diff(2016)","MeanState","diff(2016)","scalar","Pg","22.8361","100.0"
"EcosystemandCarbonCycle","GlobalNetEcosystemCarbonBalance","GCP","S3_Spit_N_ropt","Difference Score","MeanState","global","score","1","0.545066","100.0"
"EcosystemandCarbonCycle","GlobalNetEcosystemCarbonBalance","GCP","S3_Spit_N_ropt","Trajectory Score","MeanState","global","score","1","0.873505","100.0"
"EcosystemandCarbonCycle","GlobalNetEcosystemCarbonBalance","GCP","S3_Spit_N_ropt","Temporal Distribution Score","MeanState","global","score","1","0.701551","100.0"
"EcosystemandCarbonCycle","GlobalNetEcosystemCarbonBalance","GCP","S3_Spit_N_ropt","Overall Score","MeanState","global","score","1","0.706707","100.0"
"EcosystemandCarbonCycle","GlobalNetEcosystemCarbonBalance","Hoffman","S3_Spit_noN","nbp(2011)","MeanState","nbp(2011)","scalar","Pg","27.5617","100.0"
"EcosystemandCarbonCycle","GlobalNetEcosystemCarbonBalance","Hoffman","S3_Spit_noN","diff(2011)","MeanState","diff(2011)","scalar","Pg","19.5169","100.0"
"EcosystemandCarbonCycle","GlobalNetEcosystemCarbonBalance","Hoffman","S3_Spit_noN","Difference Score","MeanState","global","score","1","0.875973","100.0"
"EcosystemandCarbonCycle","GlobalNetEcosystemCarbonBalance","Hoffman","S3_Spit_noN","Trajectory Score","MeanState","global","score","1","0.44069","100.0"
"EcosystemandCarbonCycle","GlobalNetEcosystemCarbonBalance","Hoffman","S3_Spit_noN","Overall Score","MeanState","global","score","1","0.658331","100.0"
"EcosystemandCarbonCycle","GlobalNetEcosystemCarbonBalance","Hoffman","S3_Spit_N_ropt","nbp(2011)","MeanState","nbp(2011)","scalar","Pg","-18.6467","100.0"
"EcosystemandCarbonCycle","GlobalNetEcosystemCarbonBalance","Hoffman","S3_Spit_N_ropt","diff(2011)","MeanState","diff(2011)","scalar","Pg","-26.6914","100.0"
"EcosystemandCarbonCycle","GlobalNetEcosystemCarbonBalance","Hoffman","S3_Spit_N_ropt","Difference Score","MeanState","global","score","1","0.834354","100.0"
"EcosystemandCarbonCycle","GlobalNetEcosystemCarbonBalance","Hoffman","S3_Spit_N_ropt","Trajectory Score","MeanState","global","score","1","0.269213","100.0"
"EcosystemandCarbonCycle","GlobalNetEcosystemCarbonBalance","Hoffman","S3_Spit_N_ropt","Overall Score","MeanState","global","score","1","0.551783","100.0"
"EcosystemandCarbonCycle","GlobalNetEcosystemCarbonBalance","Hoffman","S3_Spit_N","nbp(2011)","MeanState","nbp(2011)","scalar","Pg","-14.0986","100.0"
"EcosystemandCarbonCycle","GlobalNetEcosystemCarbonBalance","Hoffman","S3_Spit_N","diff(2011)","MeanState","diff(2011)","scalar","Pg","-22.1433","100.0"
"EcosystemandCarbonCycle","GlobalNetEcosystemCarbonBalance","Hoffman","S3_Spit_N","Difference Score","MeanState","global","score","1","0.860502","100.0"
"EcosystemandCarbonCycle","GlobalNetEcosystemCarbonBalance","Hoffman","S3_Spit_N","Trajectory Score","MeanState","global","score","1","0.27544","100.0"
"EcosystemandCarbonCycle","GlobalNetEcosystemCarbonBalance","Hoffman","S3_Spit_N","Overall Score","MeanState","global","score","1","0.567971","100.0"
"EcosystemandCarbonCycle","GlobalNetEcosystemCarbonBalance","Hoffman","TRENDYv13_S3","nbp(2011)","MeanState","nbp(2011)","scalar","Pg","72.9208","100.0"
"EcosystemandCarbonCycle","GlobalNetEcosystemCarbonBalance","Hoffman","TRENDYv13_S3","diff(2011)","MeanState","diff(2011)","scalar","Pg","64.876","100.0"
"EcosystemandCarbonCycle","GlobalNetEcosystemCarbonBalance","Hoffman","TRENDYv13_S3","Difference Score","MeanState","global","score","1","0.643924","100.0"
"EcosystemandCarbonCycle","GlobalNetEcosystemCarbonBalance","Hoffman","TRENDYv13_S3","Trajectory Score","MeanState","global","score","1","0.349778","100.0"
"EcosystemandCarbonCycle","GlobalNetEcosystemCarbonBalance","Hoffman","TRENDYv13_S3","Overall Score","MeanState","global","score","1","0.496851","100.0"
"EcosystemandCarbonCycle","LeafAreaIndex","MODIS","TRENDYv13_S3","Benchmark Period Mean (intersection)","MeanState","global","scalar","1","1.35735","45.0"
"EcosystemandCarbonCycle","LeafAreaIndex","MODIS","TRENDYv13_S3","Benchmark Period Mean (complement)","MeanState","global","scalar","1","nan","45.0"
"EcosystemandCarbonCycle","LeafAreaIndex","MODIS","TRENDYv13_S3","Period Mean (original grids)","MeanState","global","scalar","1","3.05593","45.0"
"EcosystemandCarbonCycle","LeafAreaIndex","MODIS","TRENDYv13_S3","Model Period Mean (intersection)","MeanState","global","scalar","1","3.05593","45.0"
"EcosystemandCarbonCycle","LeafAreaIndex","MODIS","TRENDYv13_S3","Model Period Mean (complement)","MeanState","global","scalar","1","nan","45.0"
"EcosystemandCarbonCycle","LeafAreaIndex","MODIS","TRENDYv13_S3","Spatial Distribution Score","MeanState","global","score","1","0.424442","45.0"
"EcosystemandCarbonCycle","LeafAreaIndex","MODIS","TRENDYv13_S3","Phase Shift","MeanState","global","scalar","months","1.86709","45.0"
"EcosystemandCarbonCycle","LeafAreaIndex","MODIS","TRENDYv13_S3","Seasonal Cycle Score","MeanState","global","score","1","0.609103","45.0"
"EcosystemandCarbonCycle","LeafAreaIndex","MODIS","TRENDYv13_S3","Bias","MeanState","global","scalar","1","1.69858","45.0"
"EcosystemandCarbonCycle","LeafAreaIndex","MODIS","TRENDYv13_S3","Bias Score","MeanState","global","score","1","0.139259","45.0"
"EcosystemandCarbonCycle","LeafAreaIndex","MODIS","TRENDYv13_S3","RMSE","MeanState","global","scalar","1","2.18471","45.0"
"EcosystemandCarbonCycle","LeafAreaIndex","MODIS","TRENDYv13_S3","RMSE Score","MeanState","global","score","1","0.302891","45.0"
"EcosystemandCarbonCycle","LeafAreaIndex","MODIS","TRENDYv13_S3","Overall Score","MeanState","global","score","1","0.355717","45.0"
"EcosystemandCarbonCycle","LeafAreaIndex","MODIS","S3_Spit_N_ropt","Benchmark Period Mean (intersection)","MeanState","global","scalar","1","1.35735","45.0"
"EcosystemandCarbonCycle","LeafAreaIndex","MODIS","S3_Spit_N_ropt","Benchmark Period Mean (complement)","MeanState","global","scalar","1","nan","45.0"
"EcosystemandCarbonCycle","LeafAreaIndex","MODIS","S3_Spit_N_ropt","Period Mean (original grids)","MeanState","global","scalar","1","2.17626","45.0"
"EcosystemandCarbonCycle","LeafAreaIndex","MODIS","S3_Spit_N_ropt","Model Period Mean (intersection)","MeanState","global","scalar","1","2.17626","45.0"
"EcosystemandCarbonCycle","LeafAreaIndex","MODIS","S3_Spit_N_ropt","Model Period Mean (complement)","MeanState","global","scalar","1","nan","45.0"
"EcosystemandCarbonCycle","LeafAreaIndex","MODIS","S3_Spit_N_ropt","Spatial Distribution Score","MeanState","global","score","1","0.717308","45.0"
"EcosystemandCarbonCycle","LeafAreaIndex","MODIS","S3_Spit_N_ropt","Phase Shift","MeanState","global","scalar","months","1.95903","45.0"
"EcosystemandCarbonCycle","LeafAreaIndex","MODIS","S3_Spit_N_ropt","Seasonal Cycle Score","MeanState","global","score","1","0.618118","45.0"
"EcosystemandCarbonCycle","LeafAreaIndex","MODIS","S3_Spit_N_ropt","Bias","MeanState","global","scalar","1","0.818908","45.0"
"EcosystemandCarbonCycle","LeafAreaIndex","MODIS","S3_Spit_N_ropt","Bias Score","MeanState","global","score","1","0.236212","45.0"
"EcosystemandCarbonCycle","LeafAreaIndex","MODIS","S3_Spit_N_ropt","RMSE","MeanState","global","scalar","1","1.19954","45.0"
"EcosystemandCarbonCycle","LeafAreaIndex","MODIS","S3_Spit_N_ropt","RMSE Score","MeanState","global","score","1","0.393532","45.0"
"EcosystemandCarbonCycle","LeafAreaIndex","MODIS","S3_Spit_N_ropt","Overall Score","MeanState","global","score","1","0.47174","45.0"
"EcosystemandCarbonCycle","LeafAreaIndex","MODIS","S3_Spit_N","Benchmark Period Mean (intersection)","MeanState","global","scalar","1","1.35735","45.0"
"EcosystemandCarbonCycle","LeafAreaIndex","MODIS","S3_Spit_N","Benchmark Period Mean (complement)","MeanState","global","scalar","1","nan","45.0"
"EcosystemandCarbonCycle","LeafAreaIndex","MODIS","S3_Spit_N","Period Mean (original grids)","MeanState","global","scalar","1","1.98619","45.0"
"EcosystemandCarbonCycle","LeafAreaIndex","MODIS","S3_Spit_N","Model Period Mean (intersection)","MeanState","global","scalar","1","1.98619","45.0"
"EcosystemandCarbonCycle","LeafAreaIndex","MODIS","S3_Spit_N","Model Period Mean (complement)","MeanState","global","scalar","1","nan","45.0"
"EcosystemandCarbonCycle","LeafAreaIndex","MODIS","S3_Spit_N","Spatial Distribution Score","MeanState","global","score","1","0.760264","45.0"
"EcosystemandCarbonCycle","LeafAreaIndex","MODIS","S3_Spit_N","Phase Shift","MeanState","global","scalar","months","1.92878","45.0"
"EcosystemandCarbonCycle","LeafAreaIndex","MODIS","S3_Spit_N","Seasonal Cycle Score","MeanState","global","score","1","0.618619","45.0"
"EcosystemandCarbonCycle","LeafAreaIndex","MODIS","S3_Spit_N","Bias","MeanState","global","scalar","1","0.628841","45.0"
"EcosystemandCarbonCycle","LeafAreaIndex","MODIS","S3_Spit_N","Bias Score","MeanState","global","score","1","0.243067","45.0"
"EcosystemandCarbonCycle","LeafAreaIndex","MODIS","S3_Spit_N","RMSE","MeanState","global","scalar","1","1.07801","45.0"
"EcosystemandCarbonCycle","LeafAreaIndex","MODIS","S3_Spit_N","RMSE Score","MeanState","global","score","1","0.398735","45.0"
"EcosystemandCarbonCycle","LeafAreaIndex","MODIS","S3_Spit_N","Overall Score","MeanState","global","score","1","0.483884","45.0"
"EcosystemandCarbonCycle","LeafAreaIndex","MODIS","S3_Spit_noN","Benchmark Period Mean (intersection)","MeanState","global","scalar","1","1.35735","45.0"
"EcosystemandCarbonCycle","LeafAreaIndex","MODIS","S3_Spit_noN","Benchmark Period Mean (complement)","MeanState","global","scalar","1","nan","45.0"
"EcosystemandCarbonCycle","LeafAreaIndex","MODIS","S3_Spit_noN","Period Mean (original grids)","MeanState","global","scalar","1","2.14646","45.0"
"EcosystemandCarbonCycle","LeafAreaIndex","MODIS","S3_Spit_noN","Model Period Mean (intersection)","MeanState","global","scalar","1","2.14646","45.0"
"EcosystemandCarbonCycle","LeafAreaIndex","MODIS","S3_Spit_noN","Model Period Mean (complement)","MeanState","global","scalar","1","nan","45.0"
"EcosystemandCarbonCycle","LeafAreaIndex","MODIS","S3_Spit_noN","Spatial Distribution Score","MeanState","global","score","1","0.782048","45.0"
"EcosystemandCarbonCycle","LeafAreaIndex","MODIS","S3_Spit_noN","Phase Shift","MeanState","global","scalar","months","1.94587","45.0"
"EcosystemandCarbonCycle","LeafAreaIndex","MODIS","S3_Spit_noN","Seasonal Cycle Score","MeanState","global","score","1","0.618352","45.0"
"EcosystemandCarbonCycle","LeafAreaIndex","MODIS","S3_Spit_noN","Bias","MeanState","global","scalar","1","0.789104","45.0"
"EcosystemandCarbonCycle","LeafAreaIndex","MODIS","S3_Spit_noN","Bias Score","MeanState","global","score","1","0.216804","45.0"
"EcosystemandCarbonCycle","LeafAreaIndex","MODIS","S3_Spit_noN","RMSE","MeanState","global","scalar","1","1.11427","45.0"
"EcosystemandCarbonCycle","LeafAreaIndex","MODIS","S3_Spit_noN","RMSE Score","MeanState","global","score","1","0.388418","45.0"
"EcosystemandCarbonCycle","LeafAreaIndex","MODIS","S3_Spit_noN","Overall Score","MeanState","global","score","1","0.478808","45.0"
"EcosystemandCarbonCycle","LeafAreaIndex","AVH15C1","TRENDYv13_S3","Benchmark Period Mean (intersection)","MeanState","global","scalar","1","1.2191","45.0"
"EcosystemandCarbonCycle","LeafAreaIndex","AVH15C1","TRENDYv13_S3","Benchmark Period Mean (complement)","MeanState","global","scalar","1","1.41296","45.0"
"EcosystemandCarbonCycle","LeafAreaIndex","AVH15C1","TRENDYv13_S3","Period Mean (original grids)","MeanState","global","scalar","1","3.07042","45.0"
"EcosystemandCarbonCycle","LeafAreaIndex","AVH15C1","TRENDYv13_S3","Model Period Mean (intersection)","MeanState","global","scalar","1","3.07187","45.0"
"EcosystemandCarbonCycle","LeafAreaIndex","AVH15C1","TRENDYv13_S3","Model Period Mean (complement)","MeanState","global","scalar","1","0.42855","45.0"
"EcosystemandCarbonCycle","LeafAreaIndex","AVH15C1","TRENDYv13_S3","Spatial Distribution Score","MeanState","global","score","1","0.417019","45.0"
"EcosystemandCarbonCycle","LeafAreaIndex","AVH15C1","TRENDYv13_S3","Phase Shift","MeanState","global","scalar","months","1.80562","45.0"
"EcosystemandCarbonCycle","LeafAreaIndex","AVH15C1","TRENDYv13_S3","Seasonal Cycle Score","MeanState","global","score","1","0.704381","45.0"
"EcosystemandCarbonCycle","LeafAreaIndex","AVH15C1","TRENDYv13_S3","Bias","MeanState","global","scalar","1","1.85277","45.0"
"EcosystemandCarbonCycle","LeafAreaIndex","AVH15C1","TRENDYv13_S3","Bias Score","MeanState","global","score","1","0.124436","45.0"
"EcosystemandCarbonCycle","LeafAreaIndex","AVH15C1","TRENDYv13_S3","RMSE","MeanState","global","scalar","1","2.27009","45.0"
"EcosystemandCarbonCycle","LeafAreaIndex","AVH15C1","TRENDYv13_S3","RMSE Score","MeanState","global","score","1","0.488175","45.0"
"EcosystemandCarbonCycle","LeafAreaIndex","AVH15C1","TRENDYv13_S3","Overall Score","MeanState","global","score","1","0.444437","45.0"
"EcosystemandCarbonCycle","LeafAreaIndex","AVH15C1","S3_Spit_N","Benchmark Period Mean (intersection)","MeanState","global","scalar","1","1.2191","45.0"
"EcosystemandCarbonCycle","LeafAreaIndex","AVH15C1","S3_Spit_N","Benchmark Period Mean (complement)","MeanState","global","scalar","1","1.41296","45.0"
"EcosystemandCarbonCycle","LeafAreaIndex","AVH15C1","S3_Spit_N","Period Mean (original grids)","MeanState","global","scalar","1","1.96648","45.0"
"EcosystemandCarbonCycle","LeafAreaIndex","AVH15C1","S3_Spit_N","Model Period Mean (intersection)","MeanState","global","scalar","1","1.96741","45.0"
"EcosystemandCarbonCycle","LeafAreaIndex","AVH15C1","S3_Spit_N","Model Period Mean (complement)","MeanState","global","scalar","1","0.275207","45.0"
"EcosystemandCarbonCycle","LeafAreaIndex","AVH15C1","S3_Spit_N","Spatial Distribution Score","MeanState","global","score","1","0.750996","45.0"
"EcosystemandCarbonCycle","LeafAreaIndex","AVH15C1","S3_Spit_N","Phase Shift","MeanState","global","scalar","months","1.86325","45.0"
"EcosystemandCarbonCycle","LeafAreaIndex","AVH15C1","S3_Spit_N","Seasonal Cycle Score","MeanState","global","score","1","0.702206","45.0"
"EcosystemandCarbonCycle","LeafAreaIndex","AVH15C1","S3_Spit_N","Bias","MeanState","global","scalar","1","0.748311","45.0"
"EcosystemandCarbonCycle","LeafAreaIndex","AVH15C1","S3_Spit_N","Bias Score","MeanState","global","score","1","0.294724","45.0"
"EcosystemandCarbonCycle","LeafAreaIndex","AVH15C1","S3_Spit_N","RMSE","MeanState","global","scalar","1","1.12074","45.0"
"EcosystemandCarbonCycle","LeafAreaIndex","AVH15C1","S3_Spit_N","RMSE Score","MeanState","global","score","1","0.541025","45.0"
"EcosystemandCarbonCycle","LeafAreaIndex","AVH15C1","S3_Spit_N","Overall Score","MeanState","global","score","1","0.565995","45.0"
"EcosystemandCarbonCycle","LeafAreaIndex","AVH15C1","S3_Spit_N_ropt","Benchmark Period Mean (intersection)","MeanState","global","scalar","1","1.2191","45.0"
"EcosystemandCarbonCycle","LeafAreaIndex","AVH15C1","S3_Spit_N_ropt","Benchmark Period Mean (complement)","MeanState","global","scalar","1","1.41296","45.0"
"EcosystemandCarbonCycle","LeafAreaIndex","AVH15C1","S3_Spit_N_ropt","Period Mean (original grids)","MeanState","global","scalar","1","2.15776","45.0"
"EcosystemandCarbonCycle","LeafAreaIndex","AVH15C1","S3_Spit_N_ropt","Model Period Mean (intersection)","MeanState","global","scalar","1","2.15879","45.0"
"EcosystemandCarbonCycle","LeafAreaIndex","AVH15C1","S3_Spit_N_ropt","Model Period Mean (complement)","MeanState","global","scalar","1","0.276476","45.0"
"EcosystemandCarbonCycle","LeafAreaIndex","AVH15C1","S3_Spit_N_ropt","Spatial Distribution Score","MeanState","global","score","1","0.708275","45.0"
"EcosystemandCarbonCycle","LeafAreaIndex","AVH15C1","S3_Spit_N_ropt","Phase Shift","MeanState","global","scalar","months","1.88654","45.0"
"EcosystemandCarbonCycle","LeafAreaIndex","AVH15C1","S3_Spit_N_ropt","Seasonal Cycle Score","MeanState","global","score","1","0.700325","45.0"
"EcosystemandCarbonCycle","LeafAreaIndex","AVH15C1","S3_Spit_N_ropt","Bias","MeanState","global","scalar","1","0.939689","45.0"
"EcosystemandCarbonCycle","LeafAreaIndex","AVH15C1","S3_Spit_N_ropt","Bias Score","MeanState","global","score","1","0.237836","45.0"
"EcosystemandCarbonCycle","LeafAreaIndex","AVH15C1","S3_Spit_N_ropt","RMSE","MeanState","global","scalar","1","1.26413","45.0"
"EcosystemandCarbonCycle","LeafAreaIndex","AVH15C1","S3_Spit_N_ropt","RMSE Score","MeanState","global","score","1","0.53746","45.0"
"EcosystemandCarbonCycle","LeafAreaIndex","AVH15C1","S3_Spit_N_ropt","Overall Score","MeanState","global","score","1","0.544271","45.0"
"EcosystemandCarbonCycle","LeafAreaIndex","AVH15C1","S3_Spit_noN","Benchmark Period Mean (intersection)","MeanState","global","scalar","1","1.2191","45.0"
"EcosystemandCarbonCycle","LeafAreaIndex","AVH15C1","S3_Spit_noN","Benchmark Period Mean (complement)","MeanState","global","scalar","1","1.41296","45.0"
"EcosystemandCarbonCycle","LeafAreaIndex","AVH15C1","S3_Spit_noN","Period Mean (original grids)","MeanState","global","scalar","1","2.13393","45.0"
"EcosystemandCarbonCycle","LeafAreaIndex","AVH15C1","S3_Spit_noN","Model Period Mean (intersection)","MeanState","global","scalar","1","2.1349","45.0"
"EcosystemandCarbonCycle","LeafAreaIndex","AVH15C1","S3_Spit_noN","Model Period Mean (complement)","MeanState","global","scalar","1","0.368722","45.0"
"EcosystemandCarbonCycle","LeafAreaIndex","AVH15C1","S3_Spit_noN","Spatial Distribution Score","MeanState","global","score","1","0.764183","45.0"
"EcosystemandCarbonCycle","LeafAreaIndex","AVH15C1","S3_Spit_noN","Phase Shift","MeanState","global","scalar","months","1.82288","45.0"
"EcosystemandCarbonCycle","LeafAreaIndex","AVH15C1","S3_Spit_noN","Seasonal Cycle Score","MeanState","global","score","1","0.70989","45.0"
"EcosystemandCarbonCycle","LeafAreaIndex","AVH15C1","S3_Spit_noN","Bias","MeanState","global","scalar","1","0.915802","45.0"
"EcosystemandCarbonCycle","LeafAreaIndex","AVH15C1","S3_Spit_noN","Bias Score","MeanState","global","score","1","0.230718","45.0"
"EcosystemandCarbonCycle","LeafAreaIndex","AVH15C1","S3_Spit_noN","RMSE","MeanState","global","scalar","1","1.212","45.0"
"EcosystemandCarbonCycle","LeafAreaIndex","AVH15C1","S3_Spit_noN","RMSE Score","MeanState","global","score","1","0.548197","45.0"
"EcosystemandCarbonCycle","LeafAreaIndex","AVH15C1","S3_Spit_noN","Overall Score","MeanState","global","score","1","0.560237","45.0"